source,target
Pairi Daiza In Minecraft,869314954195525643
Pairi Daiza In Minecraft,659395077961154611
Pairi Daiza In Minecraft,840265536889946112
Pairi Daiza In Minecraft,266917209903726592
Pairi Daiza In Minecraft,736140669734748172
Pairi Daiza In Minecraft,812280681202974740
Pairi Daiza In Minecraft,715481550304706592
Pairi Daiza In Minecraft,799673501119676447
Pairi Daiza In Minecraft,259391748634050561
Pairi Daiza In Minecraft,296290957471645708
Pairi Daiza In Minecraft,686702890823581819
Pairi Daiza In Minecraft,513448721027956739
Pairi Daiza In Minecraft,524159006483415041
Pairi Daiza In Minecraft,636918788285136907
Pairi Daiza In Minecraft,690290952295940267
Pairi Daiza In Minecraft,434663174634078208
Pairi Daiza In Minecraft,742979907042148383
Pairi Daiza In Minecraft,678592201562783764
Pairi Daiza In Minecraft,772148309057339442
Pairi Daiza In Minecraft,526509472051625987
Pairi Daiza In Minecraft,419175357351067659
Pairi Daiza In Minecraft,417607304184070145
Pairi Daiza In Minecraft,355058440349024258
Pairi Daiza In Minecraft,229535246448721920
Pairi Daiza In Minecraft,237157477303582720
Pairi Daiza In Minecraft,736242870444359711
Pairi Daiza In Minecraft,834100650165141534
Pairi Daiza In Minecraft,735150787801382963
Pairi Daiza In Minecraft,553702156583043092
Pairi Daiza In Minecraft,574956881865474048
Pairi Daiza In Minecraft,330418729110208521
Pairi Daiza In Minecraft,698084316672163890
Pairi Daiza In Minecraft,766929184391036959
Pairi Daiza In Minecraft,471694621265887242
Pairi Daiza In Minecraft,862391388808282152
Pairi Daiza In Minecraft,740993934985003069
Pairi Daiza In Minecraft,353837950905221121
Pairi Daiza In Minecraft,402111748850712596
Pairi Daiza In Minecraft,453962788973314058
Pairi Daiza In Minecraft,747800174725955645
Pairi Daiza In Minecraft,261898079190515712
Pairi Daiza In Minecraft,673144777310732288
Pairi Daiza In Minecraft,403951685505908746
Pairi Daiza In Minecraft,555082863125725200
Pairi Daiza In Minecraft,319447832732106752
Pairi Daiza In Minecraft,743876545332117624
Pairi Daiza In Minecraft,252517766848839682
Pairi Daiza In Minecraft,443146476605014037
Pairi Daiza In Minecraft,256356591576678400
Pairi Daiza In Minecraft,254631307680808962
Pairi Daiza In Minecraft,836158105598689280
Pairi Daiza In Minecraft,787012567489839104
Pairi Daiza In Minecraft,533993594743422986
Pairi Daiza In Minecraft,857266962965856286
Pairi Daiza In Minecraft,797426949282332693
Pairi Daiza In Minecraft,210439686622019584
Pairi Daiza In Minecraft,674299373714407434
Pairi Daiza In Minecraft,612299607573266443
Pairi Daiza In Minecraft,734033157783027803
Pairi Daiza In Minecraft,848486284758089768
Pairi Daiza In Minecraft,229322064706666496
Pairi Daiza In Minecraft,705805183049007225
Pairi Daiza In Minecraft,846793059231858708
Pairi Daiza In Minecraft,397030676496384000
Pairi Daiza In Minecraft,662633537383432203
Pairi Daiza In Minecraft,816986569482174484
Pairi Daiza In Minecraft,819231619852271647
Pairi Daiza In Minecraft,484027322391855115
Pairi Daiza In Minecraft,841036526213267487
Pairi Daiza In Minecraft,265397787548450816
Pairi Daiza In Minecraft,440874370500657162
Pairi Daiza In Minecraft,548904807100973062
Pairi Daiza In Minecraft,303909506474049537
Pairi Daiza In Minecraft,515277067848384532
Pairi Daiza In Minecraft,537001916736077824
Pairi Daiza In Minecraft,662794331341586435
Pairi Daiza In Minecraft,342689662407540746
Pairi Daiza In Minecraft,469590229070774273
Pairi Daiza In Minecraft,218801446106300417
Pairi Daiza In Minecraft,634101868209111050
Pairi Daiza In Minecraft,569637111179903033
Pairi Daiza In Minecraft,663753813274001420
Pairi Daiza In Minecraft,527571109260820480
Pairi Daiza In Minecraft,222702924277612555
Pairi Daiza In Minecraft,330300887828529152
Pairi Daiza In Minecraft,445327504136339456
Pairi Daiza In Minecraft,402155357620666379
Pairi Daiza In Minecraft,601316400753016833
Pairi Daiza In Minecraft,613868866740682752
Pairi Daiza In Minecraft,799968697145229332
Pairi Daiza In Minecraft,489767889738530829
Pairi Daiza In Minecraft,416874274419376140
Pairi Daiza In Minecraft,712002680981028894
Pairi Daiza In Minecraft,409091614414209054
Pairi Daiza In Minecraft,328479430014009345
Pairi Daiza In Minecraft,693383759499886682
Pairi Daiza In Minecraft,315566802119688192
Pairi Daiza In Minecraft,342774279605321729
Pairi Daiza In Minecraft,269491982798159891
Pairi Daiza In Minecraft,493157053318299669
Pairi Daiza In Minecraft,456226577798135808
Pairi Daiza In Minecraft,708296517232099419
Pairi Daiza In Minecraft,612007472571482233
Pairi Daiza In Minecraft,219882241780744193
Pairi Daiza In Minecraft,526806146238119936
Pairi Daiza In Minecraft,275269700873748481
Pairi Daiza In Minecraft,554975859996622869
Pairi Daiza In Minecraft,220902694888538122
Pairi Daiza In Minecraft,685884611154280462
Pairi Daiza In Minecraft,673620989632053249
Pairi Daiza In Minecraft,778037592137400320
Pairi Daiza In Minecraft,607942202840317952
Pairi Daiza In Minecraft,263254849531936769
Pairi Daiza In Minecraft,379276214550003724
Pairi Daiza In Minecraft,449154282290413568
Pairi Daiza In Minecraft,445260642304393217
Pairi Daiza In Minecraft,693098466125152306
Pairi Daiza In Minecraft,736276361265807430
Pairi Daiza In Minecraft,305381831329579011
Pairi Daiza In Minecraft,423407302842777602
Pairi Daiza In Minecraft,712586305363509248
Pairi Daiza In Minecraft,470999197189931018
Pairi Daiza In Minecraft,363971718747783181
Pairi Daiza In Minecraft,635770645560426506
Pairi Daiza In Minecraft,715732447743967304
Pairi Daiza In Minecraft,559824849069932545
Pairi Daiza In Minecraft,814169257121153034
Pairi Daiza In Minecraft,489861563075919876
Pairi Daiza In Minecraft,728214253256966176
Pairi Daiza In Minecraft,265785336175656970
Pairi Daiza In Minecraft,281233131716214785
Pairi Daiza In Minecraft,770558280497758238
Pairi Daiza In Minecraft,693871782150799411
Pairi Daiza In Minecraft,793968424614887424
Pairi Daiza In Minecraft,472843713232633878
Pairi Daiza In Minecraft,163768409392152576
Pairi Daiza In Minecraft,173151365101518848
Pairi Daiza In Minecraft,810976751932538900
Pairi Daiza In Minecraft,293068207726526464
Pairi Daiza In Minecraft,810305647182479370
Pairi Daiza In Minecraft,548989456116613171
Pairi Daiza In Minecraft,563429951391662083
Pairi Daiza In Minecraft,467073889869103114
Pairi Daiza In Minecraft,425363385220202506
Pairi Daiza In Minecraft,499201870322073600
Pairi Daiza In Minecraft,289809557675573249
Pairi Daiza In Minecraft,793529212853551124
Pairi Daiza In Minecraft,721415333558354040
Pairi Daiza In Minecraft,522828518158106634
Pairi Daiza In Minecraft,298178186506928140
Pairi Daiza In Minecraft,380799752960344065
Pairi Daiza In Minecraft,431733697121615892
Pairi Daiza In Minecraft,301420222999429120
Pairi Daiza In Minecraft,622405557810364426
Pairi Daiza In Minecraft,343846125620690944
Pairi Daiza In Minecraft,276810937061736448
Pairi Daiza In Minecraft,238624494703476736
Pairi Daiza In Minecraft,292463266356264960
Pairi Daiza In Minecraft,371596013972226048
Pairi Daiza In Minecraft,794150346481598474
Pairi Daiza In Minecraft,399152620335529984
Pairi Daiza In Minecraft,401470240300466201
Pairi Daiza In Minecraft,181015443593494528
Pairi Daiza In Minecraft,248078588975251457
Pairi Daiza In Minecraft,476816291701850113
Pairi Daiza In Minecraft,474908458844422155
Pairi Daiza In Minecraft,270568951526850560
Pairi Daiza In Minecraft,666205710668922881
Pairi Daiza In Minecraft,537541230016593930
Pairi Daiza In Minecraft,305010842972323840
Pairi Daiza In Minecraft,796777648373497876
Pairi Daiza In Minecraft,381164495609004032
Pairi Daiza In Minecraft,428202278432931843
Pairi Daiza In Minecraft,796346874683719711
Pairi Daiza In Minecraft,146296127812009984
Pairi Daiza In Minecraft,182913563638235136
Pairi Daiza In Minecraft,268748549297012738
Pairi Daiza In Minecraft,386468947286818826
Pairi Daiza In Minecraft,692766231144693842
Pairi Daiza In Minecraft,657885655673602051
Pairi Daiza In Minecraft,247359195358298112
Pairi Daiza In Minecraft,549141702728744963
Pairi Daiza In Minecraft,252501536356302848
Pairi Daiza In Minecraft,343791000097128451
Pairi Daiza In Minecraft,531593607392788490
Pairi Daiza In Minecraft,366259284159365121
Pairi Daiza In Minecraft,691635520924811326
Pairi Daiza In Minecraft,328476813242269697
Pairi Daiza In Minecraft,615306414683848709
Pairi Daiza In Minecraft,667411503716106241
Pairi Daiza In Minecraft,759408662698917888
Pairi Daiza In Minecraft,216965718858661908
Pairi Daiza In Minecraft,627296501407678464
Pairi Daiza In Minecraft,333700919265067010
Pairi Daiza In Minecraft,104669227637567488
Pairi Daiza In Minecraft,782324827179843625
Pairi Daiza In Minecraft,465789838935851008
Pairi Daiza In Minecraft,437245064901689345
Pairi Daiza In Minecraft,485380399275704320
Pairi Daiza In Minecraft,223861070358380546
Pairi Daiza In Minecraft,156023223597793280
Pairi Daiza In Minecraft,345141314737668099
Pairi Daiza In Minecraft,371191161064521739
Pairi Daiza In Minecraft,417620978357633024
Pairi Daiza In Minecraft,747938013228564721
Pairi Daiza In Minecraft,316283137959133186
Pairi Daiza In Minecraft,352430066149490688
Pairi Daiza In Minecraft,776166695840514059
Pairi Daiza In Minecraft,630081680266362911
Pairi Daiza In Minecraft,321329521800380416
Pairi Daiza In Minecraft,500721978106314753
Pairi Daiza In Minecraft,346560182735732749
Pairi Daiza In Minecraft,485841996108398592
Pairi Daiza In Minecraft,175992514405203968
Pairi Daiza In Minecraft,228849213285335040
Pairi Daiza In Minecraft,325570244057890816
Pairi Daiza In Minecraft,302032229477908480
Pairi Daiza In Minecraft,742087174425411596
Pairi Daiza In Minecraft,282540431504572416
Pairi Daiza In Minecraft,714952898810740756
Pairi Daiza In Minecraft,511534154312187934
Pairi Daiza In Minecraft,405776893283926017
Pairi Daiza In Minecraft,723600648033009736
Pairi Daiza In Minecraft,462911954319835144
Pairi Daiza In Minecraft,455365998032453632
Pairi Daiza In Minecraft,493119110960644116
Pairi Daiza In Minecraft,713797918397825184
Pairi Daiza In Minecraft,767497074702155806
Pairi Daiza In Minecraft,206972094724964353
Pairi Daiza In Minecraft,136799904508018688
Pairi Daiza In Minecraft,577135823003189277
Pairi Daiza In Minecraft,409456181271330816
Pairi Daiza In Minecraft,581630474489692160
Pairi Daiza In Minecraft,317266676515078145
Pairi Daiza In Minecraft,247353905434853376
Pairi Daiza In Minecraft,723073306986545173
Pairi Daiza In Minecraft,220571468180750336
Pairi Daiza In Minecraft,561317695707152432
Pairi Daiza In Minecraft,315936648573616128
Pairi Daiza In Minecraft,252680837483462658
Pairi Daiza In Minecraft,307963736839290891
Pairi Daiza In Minecraft,689868548449108039
Pairi Daiza In Minecraft,389124647817314326
Pairi Daiza In Minecraft,350610404583669760
Pairi Daiza In Minecraft,229591768574722049
Pairi Daiza In Minecraft,465938023738245121
Pairi Daiza In Minecraft,327807048509030400
Pairi Daiza In Minecraft,597878582471032889
Pairi Daiza In Minecraft,721072492026003568
Pairi Daiza In Minecraft,282202547681230848
Pairi Daiza In Minecraft,740575422038802453
Pairi Daiza In Minecraft,242012231041155072
Pairi Daiza In Minecraft,298507172017602570
Pairi Daiza In Minecraft,252866553278627840
Pairi Daiza In Minecraft,682698970308411515
Pairi Daiza In Minecraft,470194925477167105
Pairi Daiza In Minecraft,252077110628188160
Pairi Daiza In Minecraft,311262784753106944
Pairi Daiza In Minecraft,328474234919845889
Pairi Daiza In Minecraft,367117914102431754
Pairi Daiza In Minecraft,518371491570778113
Pairi Daiza In Minecraft,238373476858068992
Pairi Daiza In Minecraft,480395067912224788
Pairi Daiza In Minecraft,511272105535602752
Pairi Daiza In Minecraft,681482309589008404
Pairi Daiza In Minecraft,525721598066688012
Pairi Daiza In Minecraft,402947424290865189
Pairi Daiza In Minecraft,712346203337261117
Pairi Daiza In Minecraft,224268235296473089
Pairi Daiza In Minecraft,405708353202028544
Pairi Daiza In Minecraft,239507103369134080
Pairi Daiza In Minecraft,285076427076796416
Pairi Daiza In Minecraft,293073947313045506
Pairi Daiza In Minecraft,222051961820676096
Pairi Daiza In Minecraft,733660462910275701
Pairi Daiza In Minecraft,681089864661598273
Pairi Daiza In Minecraft,699920445520085044
Pairi Daiza In Minecraft,569101975036362792
Pairi Daiza In Minecraft,514345316682694657
Pairi Daiza In Minecraft,513714702845739021
Pairi Daiza In Minecraft,606985091922526245
Pairi Daiza In Minecraft,442013479839465474
Pairi Daiza In Minecraft,333961596332408834
Pairi Daiza In Minecraft,303608315726790656
Pairi Daiza In Minecraft,290138481349361665
Pairi Daiza In Minecraft,283249733433163778
Pairi Daiza In Minecraft,479617087913066507
Pairi Daiza In Minecraft,197465024678199298
Pairi Daiza In Minecraft,662421325888880690
Pairi Daiza In Minecraft,363649290687479808
Pairi Daiza In Minecraft,612009478161825839
Pairi Daiza In Minecraft,732206975886164030
Pairi Daiza In Minecraft,226690647795564545
Pairi Daiza In Minecraft,315522066751160321
Pairi Daiza In Minecraft,514076726725181440
Pairi Daiza In Minecraft,298848112716414976
Pairi Daiza In Minecraft,625687769167167528
Pairi Daiza In Minecraft,405413440191070211
Pairi Daiza In Minecraft,706874125964017696
Pairi Daiza In Minecraft,343463368386019330
Pairi Daiza In Minecraft,561608587143806989
Pairi Daiza In Minecraft,595607045068161025
Pairi Daiza In Minecraft,694597994271604736
Pairi Daiza In Minecraft,414804138463985675
Pairi Daiza In Minecraft,254320337049747466
Pairi Daiza In Minecraft,407260563169869824
Pairi Daiza In Minecraft,238379483336409088
Pairi Daiza In Minecraft,327361985127776256
Pairi Daiza In Minecraft,660467787332059142
Pairi Daiza In Minecraft,445617169322213386
Pairi Daiza In Minecraft,251045540530225153
Pairi Daiza In Minecraft,577545735541751821
Pairi Daiza In Minecraft,328556630255992834
Pairi Daiza In Minecraft,278658938453622786
Pairi Daiza In Minecraft,477139049774186499
Pairi Daiza In Minecraft,323883166135877633
Pairi Daiza In Minecraft,439468290197291018
Pairi Daiza In Minecraft,267956421268602891
Pairi Daiza In Minecraft,699331045480202281
Pairi Daiza In Minecraft,407864820424114176
Pairi Daiza In Minecraft,494929894275284993
Pairi Daiza In Minecraft,422901120634191892
Pairi Daiza In Minecraft,690474685418176532
Pairi Daiza In Minecraft,342229412965515265
Pairi Daiza In Minecraft,275335830908698635
Pairi Daiza In Minecraft,436918233665110016
Pairi Daiza In Minecraft,536158924793970701
Pairi Daiza In Minecraft,564723958621011969
Pairi Daiza In Minecraft,354636875991875584
Pairi Daiza In Minecraft,688423332365992071
Pairi Daiza In Minecraft,317613188545904643
Pairi Daiza In Minecraft,293023272180908032
Pairi Daiza In Minecraft,402130573763674123
Pairi Daiza In Minecraft,691048154837287003
Pairi Daiza In Minecraft,625749245416439878
Pairi Daiza In Minecraft,256853874009178123
Pairi Daiza In Minecraft,314807253490466816
Pairi Daiza In Minecraft,341323793144348694
Pairi Daiza In Minecraft,346693330320752661
Pairi Daiza In Minecraft,689543942529613828
Pairi Daiza In Minecraft,302529685668233216
Pairi Daiza In Minecraft,688805550724874454
Pairi Daiza In Minecraft,227202600703885313
Pairi Daiza In Minecraft,310707374287486988
Pairi Daiza In Minecraft,621741081373048862
Pairi Daiza In Minecraft,702100591408709644
Pairi Daiza In Minecraft,681146350724972569
Pairi Daiza In Minecraft,688748633986039810
Pairi Daiza In Minecraft,243018648011145224
Pairi Daiza In Minecraft,142934884233641985
Pairi Daiza In Minecraft,245226361751470082
Pairi Daiza In Minecraft,309222919727480834
Pairi Daiza In Minecraft,667448562170200081
Pairi Daiza In Minecraft,175924987603976192
Pairi Daiza In Minecraft,689564083170967683
Pairi Daiza In Minecraft,537678067557072897
Pairi Daiza In Minecraft,203108089468026880
Pairi Daiza In Minecraft,243069105605836803
Pairi Daiza In Minecraft,320936471546691595
Pairi Daiza In Minecraft,178249132597575680
Pairi Daiza In Minecraft,579663601305124864
Pairi Daiza In Minecraft,445197551994535946
Pairi Daiza In Minecraft,412283236304027667
Pairi Daiza In Minecraft,302525523891060739
Pairi Daiza In Minecraft,236564336829530112
Pairi Daiza In Minecraft,221968314447036417
Pairi Daiza In Minecraft,487633013253996584
Pairi Daiza In Minecraft,478631201226227712
Pairi Daiza In Minecraft,195246079111987200
Pairi Daiza In Minecraft,682591736203444242
Pairi Daiza In Minecraft,361547332543578112
Pairi Daiza In Minecraft,333591230040506389
Pairi Daiza In Minecraft,582883906177466374
Pairi Daiza In Minecraft,282145053634461696
Pairi Daiza In Minecraft,230308662927687680
Pairi Daiza In Minecraft,249900091307982850
Pairi Daiza In Minecraft,450362867384844298
Pairi Daiza In Minecraft,246704196731142144
Pairi Daiza In Minecraft,386544215443636225
Pairi Daiza In Minecraft,113719185519017990
Pairi Daiza In Minecraft,386301379376840704
Pairi Daiza In Minecraft,170263195871608832
Pairi Daiza In Minecraft,603246046755160114
Pairi Daiza In Minecraft,356490202186776577
Pairi Daiza In Minecraft,190122865738121216
Pairi Daiza In Minecraft,500402025260122170
Pairi Daiza In Minecraft,688289497019973634
Pairi Daiza In Minecraft,229574386443747328
Pairi Daiza In Minecraft,231091859538051073
Pairi Daiza In Minecraft,342331634231803914
Pairi Daiza In Minecraft,278277935692251146
Pairi Daiza In Minecraft,270593544777891841
Pairi Daiza In Minecraft,282852026105200640
Pairi Daiza In Minecraft,580807490602663970
Pairi Daiza In Minecraft,689911471009824874
Pairi Daiza In Minecraft,609339629144899594
Pairi Daiza In Minecraft,689214911468798081
Pairi Daiza In Minecraft,417782637067894785
Pairi Daiza In Minecraft,534813565991911444
Pairi Daiza In Minecraft,697783267075817572
Pairi Daiza In Minecraft,513415577931350034
Pairi Daiza In Minecraft,529974486850863104
Pairi Daiza In Minecraft,594632094899240981
Pairi Daiza In Minecraft,117743824045867017
Pairi Daiza In Minecraft,192276745473359872
Pairi Daiza In Minecraft,405097359459221505
Pairi Daiza In Minecraft,536551970409021460
Pairi Daiza In Minecraft,347854788492263424
Pairi Daiza In Minecraft,220548807992016896
Pairi Daiza In Minecraft,633337691798241311
Pairi Daiza In Minecraft,345521899515674626
Pairi Daiza In Minecraft,265576092645982209
Pairi Daiza In Minecraft,612653685914337300
Pairi Daiza In Minecraft,662679933851664394
Pairi Daiza In Minecraft,637023647772442627
Pairi Daiza In Minecraft,633028104813805588
Pairi Daiza In Minecraft,550951986271354893
Pairi Daiza In Minecraft,418484078799749120
Pairi Daiza In Minecraft,630385070137540618
Pairi Daiza In Minecraft,231777013243838466
Pairi Daiza In Minecraft,339816088856428554
Pairi Daiza In Minecraft,335498765286899713
Pairi Daiza In Minecraft,679429833855598615
Pairi Daiza In Minecraft,477552467152732190
Pairi Daiza In Minecraft,216194969235357697
Pairi Daiza In Minecraft,279951329902723074
Pairi Daiza In Minecraft,295176352628211713
Pairi Daiza In Minecraft,344579830878306314
Pairi Daiza In Minecraft,555818319245082628
Pairi Daiza In Minecraft,338647745978171402
Pairi Daiza In Minecraft,245632433335042048
Pairi Daiza In Minecraft,361915214595096576
Pairi Daiza In Minecraft,422806359759650817
Pairi Daiza In Minecraft,619233055940280370
Pairi Daiza In Minecraft,260833775326461952
Pairi Daiza In Minecraft,327549504872120320
Pairi Daiza In Minecraft,334664790704259073
Pairi Daiza In Minecraft,460389594685374464
Pairi Daiza In Minecraft,301279379533856769
Pairi Daiza In Minecraft,211891594511515648
Pairi Daiza In Minecraft,340200170320822282
Pairi Daiza In Minecraft,235147463453966337
Pairi Daiza In Minecraft,668186926419017749
Pairi Daiza In Minecraft,496194294642901002
Pairi Daiza In Minecraft,485160317593321482
Pairi Daiza In Minecraft,441263836977299466
Pairi Daiza In Minecraft,358287510486384641
Pairi Daiza In Minecraft,591977901487030285
Pairi Daiza In Minecraft,468802304154271764
Pairi Daiza In Minecraft,405250168233918465
Pairi Daiza In Minecraft,434037357465829387
Pairi Daiza In Minecraft,605026162724569119
Pairi Daiza In Minecraft,357476516868915201
Pairi Daiza In Minecraft,324266880187760652
Pairi Daiza In Minecraft,327865458726404096
Pairi Daiza In Minecraft,546002379233951754
Pairi Daiza In Minecraft,265528909234307082
Pairi Daiza In Minecraft,481535839546114100
Pairi Daiza In Minecraft,358967155892551693
Pairi Daiza In Minecraft,329688100064198656
Pairi Daiza In Minecraft,592612580581965825
Pairi Daiza In Minecraft,170664326036848650
Pairi Daiza In Minecraft,329914706917851136
Pairi Daiza In Minecraft,226595854281080832
Pairi Daiza In Minecraft,609337965482868755
Pairi Daiza In Minecraft,393038873921585172
Pairi Daiza In Minecraft,267637011769327616
Pairi Daiza In Minecraft,492341897218490378
Pairi Daiza In Minecraft,175936831353913344
Pairi Daiza In Minecraft,498487006414897152
Pairi Daiza In Minecraft,290428138876567564
Pairi Daiza In Minecraft,315453353947693056
Pairi Daiza In Minecraft,386271640411045909
Pairi Daiza In Minecraft,210893380970872834
Pairi Daiza In Minecraft,501398232794923028
Pairi Daiza In Minecraft,252522849301037056
Pairi Daiza In Minecraft,413339522932277250
Pairi Daiza In Minecraft,372095678739906571
Pairi Daiza In Minecraft,358294232789680140
Pairi Daiza In Minecraft,248493133690699776
Pairi Daiza In Minecraft,217683446472900608
Pairi Daiza In Minecraft,593869520653778990
Pairi Daiza In Minecraft,199934053053497345
Pairi Daiza In Minecraft,478918489357418516
Pairi Daiza In Minecraft,407982894666088460
Pairi Daiza In Minecraft,585225058683977750
Pairi Daiza In Minecraft,349289613593935893
Pairi Daiza In Minecraft,400662688335921173
Pairi Daiza In Minecraft,373797900133859331
Pairi Daiza In Minecraft,262244522300276736
Pairi Daiza In Minecraft,230428412584394752
Pairi Daiza In Minecraft,376477807380791297
Pairi Daiza In Minecraft,286152726520266752
Pairi Daiza In Minecraft,260474971984363531
Pairi Daiza In Minecraft,568023604290256917
Pairi Daiza In Minecraft,566517204359839744
Pairi Daiza In Minecraft,338894203998437376
Pairi Daiza In Minecraft,401376960992772097
Pairi Daiza In Minecraft,383874227620675585
Pairi Daiza In Minecraft,371025284675272705
Pairi Daiza In Minecraft,264888194305228800
Pairi Daiza In Minecraft,240909125305892865
Pairi Daiza In Minecraft,539497228788826121
Pairi Daiza In Minecraft,432119426163146762
Pairi Daiza In Minecraft,412237181596205056
Pairi Daiza In Minecraft,280328788838187011
Pairi Daiza In Minecraft,411983408739123201
Pairi Daiza In Minecraft,260064475715993602
Pairi Daiza In Minecraft,367668871009665036
Pairi Daiza In Minecraft,530493173869576195
Pairi Daiza In Minecraft,368875892610433024
Pairi Daiza In Minecraft,413417042608128010
Pairi Daiza In Minecraft,251061061841715200
Pairi Daiza In Minecraft,314492362430742529
Pairi Daiza In Minecraft,322083838920622091
Pairi Daiza In Minecraft,447857472095387661
Pairi Daiza In Minecraft,226077332056571905
Pairi Daiza In Minecraft,264772613874778122
Pairi Daiza In Minecraft,254559949500317697
Pairi Daiza In Minecraft,288360806754549760
Pairi Daiza In Minecraft,291266267279523842
Pairi Daiza In Minecraft,467313780494434305
Pairi Daiza In Minecraft,337234377715089418
Pairi Daiza In Minecraft,465939100252241932
Pairi Daiza In Minecraft,340158288207544332
Pairi Daiza In Minecraft,461837578694295564
Pairi Daiza In Minecraft,442744438951903265
Pairi Daiza In Minecraft,457292929699151874
Pairi Daiza In Minecraft,474161905670422548
Pairi Daiza In Minecraft,412975267376791552
Pairi Daiza In Minecraft,210852159770722304
Pairi Daiza In Minecraft,267286742355148801
Pairi Daiza In Minecraft,139393849456984064
Pairi Daiza In Minecraft,466941311338020864
Pairi Daiza In Minecraft,276389795503276032
Pairi Daiza In Minecraft,319168280659099668
Pairi Daiza In Minecraft,202500420101341185
Pairi Daiza In Minecraft,467016392156381204
Pairi Daiza In Minecraft,478497604179722241
Pairi Daiza In Minecraft,156096778918166528
Pairi Daiza In Minecraft,397463241372073986
Pairi Daiza In Minecraft,261473263752839168
Pairi Daiza In Minecraft,366569098584260609
Pairi Daiza In Minecraft,226068515499540490
Pairi Daiza In Minecraft,424861052484714507
Pairi Daiza In Minecraft,365140335959212032
Pairi Daiza In Minecraft,298102638346502144
Pairi Daiza In Minecraft,481176769370783765
Pairi Daiza In Minecraft,481167380622475284
Pairi Daiza In Minecraft,481161692424962050
Pairi Daiza In Minecraft,481147665007247360
Pairi Daiza In Minecraft,359006937532203009
Pairi Daiza In Minecraft,481144742546243594
Pairi Daiza In Minecraft,196188390914260992
Pairi Daiza In Minecraft,260861043788611585
Pairi Daiza In Minecraft,198026265184305152
Pairi Daiza In Minecraft,261866611177291778
Pairi Daiza In Minecraft,279735533838794752
Pairi Daiza In Minecraft,236513069218398208
Pairi Daiza In Minecraft,244538604867551242
Pairi Daiza In Minecraft,407256538936508426
Pairi Daiza In Minecraft,262993939475202058
Pairi Daiza In Minecraft,384777258612555786
Pairi Daiza In Minecraft,210436970659315712
Pairi Daiza In Minecraft,224578909084188672
Pairi Daiza In Minecraft,362960026408714249
Pairi Daiza In Minecraft,342190361596133376
Pairi Daiza In Minecraft,285170962897567744
Pairi Daiza In Minecraft,418072855939383297
Pairi Daiza In Minecraft,237090450907856896
Pairi Daiza In Minecraft,240577703114309633
Pairi Daiza In Minecraft,261171795896303617
Pairi Daiza In Minecraft,262999767313809408
Pairi Daiza In Minecraft,210089744221208576
Pairi Daiza In Minecraft,140141261700071424
Pairi Daiza In Minecraft,342702436731060225
Pairi Daiza In Minecraft,201459279255830528
Pairi Daiza In Minecraft,459989251304587264
Pairi Daiza In Minecraft,231676638117494784
Pairi Daiza In Minecraft,331325787838087168
Pairi Daiza In Minecraft,320815086686044205
Pairi Daiza In Minecraft,318369701879218196
Pairi Daiza In Minecraft,278563086577958914
Pairi Daiza In Minecraft,367238954367320067
Pairi Daiza In Minecraft,224918499468902402
Pairi Daiza In Minecraft,403225355160125462
Pairi Daiza In Minecraft,430079202000371714
Pairi Daiza In Minecraft,390484639451709444
Pairi Daiza In Minecraft,227911563561009154
Pairi Daiza In Minecraft,326658137514049541
Pairi Daiza In Minecraft,163750719617236992
Pairi Daiza In Minecraft,365934011899576320
Pairi Daiza In Minecraft,207069073731878914
Pairi Daiza In Minecraft,239092678141149195
Pairi Daiza In Minecraft,239056909775273984
Pairi Daiza In Minecraft,340555710628888585
Pairi Daiza In Minecraft,282599646323539978
Pairi Daiza In Minecraft,348437743593979905
Pairi Daiza In Minecraft,319913942874980352
Pairi Daiza In Minecraft,279994430243733505
Pairi Daiza In Minecraft,310737413871894528
Pairi Daiza In Minecraft,375515606801186818
Pairi Daiza In Minecraft,287646705455988736
Pairi Daiza In Minecraft,271996384570245121
Pairi Daiza In Minecraft,325299197215637504
